mode,batch_size,iterations,warmup,device,torch,mean_ms,median_ms,min_ms,max_ms,calls_per_second,samples_per_second,peak_memory_mb
denoise_forward,1,50,2,cuda,2.0.0+cu118,16.199203999999945,16.501050000000017,13.410399999999711,19.004699999999985,61.731428284994955,61.731428284994955,90.06982421875
sampling_inference,1,20,2,cuda,2.0.0+cu118,84.04485500000018,83.80104999999993,76.72849999999976,94.71390000000035,11.89840829637933,11.89840829637933,89.55712890625
denoise_forward,2,50,2,cuda,2.0.0+cu118,17.719222000000023,17.59384999999991,16.290300000001423,19.452499999999873,56.435886406299254,112.87177281259851,101.1669921875
sampling_inference,2,20,2,cuda,2.0.0+cu118,89.83942499999982,90.0647499999998,80.84069999999954,104.89040000000038,11.130970617855157,22.261941235710314,99.8681640625
denoise_forward,4,50,2,cuda,2.0.0+cu118,21.83988199999991,21.488949999999285,19.361099999999354,34.432999999999936,45.78779317580581,183.15117270322324,125.11767578125
sampling_inference,4,20,2,cuda,2.0.0+cu118,92.00792500000006,93.00024999999934,85.08600000000044,98.52260000000079,10.86862897951453,43.47451591805812,122.75439453125
