steps,device,batch_size,iterations,mean_ms,median_ms,min_ms,max_ms,calls_per_second,mean_ego_xy_drift_from_first_steps_m,peak_memory_mb
5,cuda,1,5,65.38434000000031,66.54530000000136,58.22749999999921,69.31379999999976,15.294182062554968,0.0,89.57080078125
10,cuda,1,5,98.81883999999985,97.79840000000029,92.41729999999926,105.23279999999957,10.119527814736557,0.03394525870680809,89.58447265625
20,cuda,1,5,175.71204000000017,162.48660000000115,158.46699999999993,210.41899999999993,5.691129645982136,0.031798865646123886,89.58447265625
50,cuda,1,5,389.72237999999993,386.0597000000006,370.7363000000008,409.25299999999964,2.56592911087118,0.031237972900271416,89.58447265625
